Image,Rating,ID,Age,Gender,Timestamp
true\carl-heinrich-bloch-view-of-the-forum-romanum-in-rome-to-the-left-in-the-foreground-the-temple-of-1.jpg,4,1764926268,25,Female,2025-12-05 11:17:57
true\colosseum-and-arch-of-constantine-rome.jpg!Large.jpg,5,1764926268,25,Female,2025-12-05 11:17:57
false\port-at-dieppe-1909.jpg!Large.jpg,2,1764926268,25,Female,2025-12-05 11:17:57
true\poarta-templului-lama-peking-1915.jpg!Large.jpg,3,1764926268,25,Female,2025-12-05 11:17:57
false\american-village.jpg!Large.jpg,1,1764926268,25,Female,2025-12-05 11:17:57
false\boulevard-montmartre-morning-grey-weather-1897.jpg!Large.jpg,4,1764926268,25,Female,2025-12-05 11:17:57
false\the-watering-place-at-marly-le-roi-hoarfrost-1875.jpg!Large.jpg,3,1764926268,25,Female,2025-12-05 11:17:57
false\vor-dem-caf-berlin-bei-nacht-1920.jpg,2,1764926268,25,Female,2025-12-05 11:17:57
true\the-world-trade-center-huile-sur-toile-97x130cm-2011-4624x3439-1280x952-640x476.jpg,2,1764926268,25,Female,2025-12-05 11:17:57
true\the-pantheon-and-the-piazza-della-rotonda-in-rome-1835.jpg!Large.jpg,5,1764926268,25,Female,2025-12-05 11:17:57
true\the-neuer-marktplatz-in-dresden-1747.jpg!Large.jpg,4,1764926268,25,Female,2025-12-05 11:17:57
true\carmelite-church-in-warsaw-1780.jpg!Large.jpg,2,1764926268,25,Female,2025-12-05 11:17:57
false\winter-in-new-york-3x-101x51cm-hst-rehaussee-argent-2015-640x410.jpg,1,1764926268,25,Female,2025-12-05 11:17:57
true\schloss-schonbrunn-1760.jpg,5,1764926268,25,Female,2025-12-05 11:17:57
true\seine-and-eiffel-tower-in-the-sunset-1910.jpg!Large.jpg,4,1764926268,25,Female,2025-12-05 11:17:57
false\berliner-stra-e-im-sonnenschein-1920.jpg!Large.jpg,4,1764926268,25,Female,2025-12-05 11:17:57
false\paris-in-the-morning.jpg!Large.jpg,2,1764926268,25,Female,2025-12-05 11:17:57
false\ng-m-03667.jpg!Large.jpg,2,1764926268,25,Female,2025-12-05 11:17:57
true\eastern-wing-of-verkiai-palace-1848.jpg,3,1764926268,25,Female,2025-12-05 11:17:57
false\a-view-of-mount-etna-and-a-nearby-town.jpg!Large.jpg,2,1764926268,25,Female,2025-12-05 11:17:57
false\view-of-venice-the-ducal-palace-dogana-and-part-of-san-giorgio-1841.jpg,4,1764926268,25,Female,2025-12-05 11:17:57
false\new-york-1957.jpg!Large.jpg,2,1764926268,25,Female,2025-12-05 11:17:57
true\san-marco-square-from-the-clock-tower-facing-the-procuratie-nuove.jpg!Large.jpg,2,1764926268,25,Female,2025-12-05 11:17:57
true\the-ruins-of-the-chinese-shrine-ak-kent-1870.jpg!Large.jpg,2,1764926268,25,Female,2025-12-05 11:17:57
true\taj-mahal-mausoleum-1876-1.jpg!Large.jpg,3,1764926268,25,Female,2025-12-05 11:17:57
false\westminster-bridge-from-the-north-on-lord-mayor-s-day-1746.jpg!Large.jpg,1,1764926268,25,Female,2025-12-05 11:17:57
false\paris-wagram-avenue-1925.jpg!Large.jpg,1,1764926268,25,Female,2025-12-05 11:17:57
false\little-cobbler-s-shop.jpg,1,1764926268,25,Female,2025-12-05 11:17:57
true\rue-de-lyon.jpg!Large.jpg,3,1764926268,25,Female,2025-12-05 11:17:57
true\san-giacomo-de-rialto.jpg!Large.jpg,2,1764926268,25,Female,2025-12-05 11:17:57
